Time,HEATSYS1:CORE_BOTTOM VAV BOX REHEAT COIL:Design Water Volume Flow Rate [m3/s],HEATSYS1:CORE_MID VAV BOX REHEAT COIL:Design Water Volume Flow Rate [m3/s],HEATSYS1:CORE_TOP VAV BOX REHEAT COIL:Design Water Volume Flow Rate [m3/s],HEATSYS1:PERIMETER_BOT_ZN_3 VAV BOX REHEAT COIL:Design Water Volume Flow Rate [m3/s],HEATSYS1:PERIMETER_BOT_ZN_2 VAV BOX REHEAT COIL:Design Water Volume Flow Rate [m3/s],HEATSYS1:PERIMETER_BOT_ZN_1 VAV BOX REHEAT COIL:Design Water Volume Flow Rate [m3/s],HEATSYS1:PERIMETER_BOT_ZN_4 VAV BOX REHEAT COIL:Design Water Volume Flow Rate [m3/s],HEATSYS1:PERIMETER_MID_ZN_3 VAV BOX REHEAT COIL:Design Water Volume Flow Rate [m3/s],HEATSYS1:PERIMETER_MID_ZN_2 VAV BOX REHEAT COIL:Design Water Volume Flow Rate [m3/s],HEATSYS1:PERIMETER_MID_ZN_1 VAV BOX REHEAT COIL:Design Water Volume Flow Rate [m3/s],HEATSYS1:PERIMETER_MID_ZN_4 VAV BOX REHEAT COIL:Design Water Volume Flow Rate [m3/s],HEATSYS1:PERIMETER_TOP_ZN_3 VAV BOX REHEAT COIL:Design Water Volume Flow Rate [m3/s],HEATSYS1:PERIMETER_TOP_ZN_2 VAV BOX REHEAT COIL:Design Water Volume Flow Rate [m3/s],HEATSYS1:PERIMETER_TOP_ZN_1 VAV BOX REHEAT COIL:Design Water Volume Flow Rate [m3/s],HEATSYS1:PERIMETER_TOP_ZN_4 VAV BOX REHEAT COIL:Design Water Volume Flow Rate [m3/s],HEATSYS1:VAV_BOT WITH REHEAT HEATING COIL:Design Water Volume Flow Rate [m3/s],HEATSYS1:VAV_MID WITH REHEAT HEATING COIL:Design Water Volume Flow Rate [m3/s],HEATSYS1:VAV_TOP WITH REHEAT HEATING COIL:Design Water Volume Flow Rate [m3/s],HEATSYS1:CAV_BAS HEATING COIL:Design Water Volume Flow Rate [m3/s]
00:10:00,2.574887E-04,4.023562E-03,2.910737E-04,5.353342E-05,3.614029E-05,4.911148E-05,6.377548E-05,3.560824E-04,2.519154E-04,3.755278E-04,2.729897E-04,3.436331E-05,2.355886E-05,3.585573E-05,2.538198E-05,1.287748E-04,1.463028E-04,0.000000E+00,2.156836E-03
00:20:00,2.574887E-04,4.023562E-03,2.910737E-04,5.353342E-05,3.614029E-05,4.911148E-05,6.377548E-05,3.560824E-04,2.519154E-04,3.755278E-04,2.729897E-04,3.436331E-05,2.355886E-05,3.585573E-05,2.538198E-05,1.287748E-04,1.463028E-04,0.000000E+00,2.156836E-03
00:30:00,2.574887E-04,4.023562E-03,2.910737E-04,5.353342E-05,3.614029E-05,4.911148E-05,6.377548E-05,3.560824E-04,2.519154E-04,3.755278E-04,2.729897E-04,3.436331E-05,2.355886E-05,3.585573E-05,2.538198E-05,1.287748E-04,1.463028E-04,0.000000E+00,2.156836E-03
00:40:00,2.574887E-04,4.023562E-03,2.910737E-04,5.353342E-05,3.614029E-05,4.911148E-05,6.377548E-05,3.560824E-04,2.519154E-04,3.755278E-04,2.729897E-04,3.436331E-05,2.355886E-05,3.585573E-05,2.538198E-05,1.287748E-04,1.463028E-04,0.000000E+00,2.156836E-03
00:50:00,2.574887E-04,4.023562E-03,2.910737E-04,5.353342E-05,3.614029E-05,4.911148E-05,6.377548E-05,3.560824E-04,2.519154E-04,3.755278E-04,2.729897E-04,3.436331E-05,2.355886E-05,3.585573E-05,2.538198E-05,1.287748E-04,1.463028E-04,0.000000E+00,2.156836E-03
01:00:00,2.574887E-04,4.023562E-03,2.910737E-04,5.353342E-05,3.614029E-05,4.911148E-05,6.377548E-05,3.560824E-04,2.519154E-04,3.755278E-04,2.729897E-04,3.436331E-05,2.355886E-05,3.585573E-05,2.538198E-05,1.287748E-04,1.463028E-04,0.000000E+00,2.156836E-03
01:10:00,2.574887E-04,4.023562E-03,2.910737E-04,5.353342E-05,3.614029E-05,4.911148E-05,6.377548E-05,3.560824E-04,2.519154E-04,3.755278E-04,2.729897E-04,3.436331E-05,2.355886E-05,3.585573E-05,2.538198E-05,1.287748E-04,1.463028E-04,0.000000E+00,2.156836E-03
01:20:00,2.574887E-04,4.023562E-03,2.910737E-04,5.353342E-05,3.614029E-05,4.911148E-05,6.377548E-05,3.560824E-04,2.519154E-04,3.755278E-04,2.729897E-04,3.436331E-05,2.355886E-05,3.585573E-05,2.538198E-05,1.287748E-04,1.463028E-04,0.000000E+00,2.156836E-03
01:30:00,2.574887E-04,4.023562E-03,2.910737E-04,5.353342E-05,3.614029E-05,4.911148E-05,6.377548E-05,3.560824E-04,2.519154E-04,3.755278E-04,2.729897E-04,3.436331E-05,2.355886E-05,3.585573E-05,2.538198E-05,1.287748E-04,1.463028E-04,0.000000E+00,2.156836E-03
01:40:00,2.574887E-04,4.023562E-03,2.910737E-04,5.353342E-05,3.614029E-05,4.911148E-05,6.377548E-05,3.560824E-04,2.519154E-04,3.755278E-04,2.729897E-04,3.436331E-05,2.355886E-05,3.585573E-05,2.538198E-05,1.287748E-04,1.463028E-04,0.000000E+00,2.156836E-03
01:50:00,2.574887E-04,4.023562E-03,2.910737E-04,5.353342E-05,3.614029E-05,4.911148E-05,6.377548E-05,3.560824E-04,2.519154E-04,3.755278E-04,2.729897E-04,3.436331E-05,2.355886E-05,3.585573E-05,2.538198E-05,1.287748E-04,1.463028E-04,0.000000E+00,2.156836E-03
02:00:00,2.574887E-04,4.023562E-03,2.910737E-04,5.353342E-05,3.614029E-05,4.911148E-05,6.377548E-05,3.560824E-04,2.519154E-04,3.755278E-04,2.729897E-04,3.436331E-05,2.355886E-05,3.585573E-05,2.538198E-05,1.287748E-04,1.463028E-04,0.000000E+00,2.156836E-03
02:10:00,2.574887E-04,4.023562E-03,2.910737E-04,5.353342E-05,3.614029E-05,4.911148E-05,6.377548E-05,3.560824E-04,2.519154E-04,3.755278E-04,2.729897E-04,3.436331E-05,2.355886E-05,3.585573E-05,2.538198E-05,1.287748E-04,1.463028E-04,0.000000E+00,2.156836E-03
02:20:00,2.574887E-04,4.023562E-03,2.910737E-04,5.353342E-05,3.614029E-05,4.911148E-05,6.377548E-05,3.560824E-04,2.519154E-04,3.755278E-04,2.729897E-04,3.436331E-05,2.355886E-05,3.585573E-05,2.538198E-05,1.287748E-04,1.463028E-04,0.000000E+00,2.156836E-03
02:30:00,2.574887E-04,4.023562E-03,2.910737E-04,5.353342E-05,3.614029E-05,4.911148E-05,6.377548E-05,3.560824E-04,2.519154E-04,3.755278E-04,2.729897E-04,3.436331E-05,2.355886E-05,3.585573E-05,2.538198E-05,1.287748E-04,1.463028E-04,0.000000E+00,2.156836E-03
02:40:00,2.574887E-04,4.023562E-03,2.910737E-04,5.353342E-05,3.614029E-05,4.911148E-05,6.377548E-05,3.560824E-04,2.519154E-04,3.755278E-04,2.729897E-04,3.436331E-05,2.355886E-05,3.585573E-05,2.538198E-05,1.287748E-04,1.463028E-04,0.000000E+00,2.156836E-03
02:50:00,2.574887E-04,4.023562E-03,2.910737E-04,5.353342E-05,3.614029E-05,4.911148E-05,6.377548E-05,3.560824E-04,2.519154E-04,3.755278E-04,2.729897E-04,3.436331E-05,2.355886E-05,3.585573E-05,2.538198E-05,1.287748E-04,1.463028E-04,0.000000E+00,2.156836E-03
03:00:00,2.574887E-04,4.023562E-03,2.910737E-04,5.353342E-05,3.614029E-05,4.911148E-05,6.377548E-05,3.560824E-04,2.519154E-04,3.755278E-04,2.729897E-04,3.436331E-05,2.355886E-05,3.585573E-05,2.538198E-05,1.287748E-04,1.463028E-04,0.000000E+00,2.156836E-03
03:10:00,2.574887E-04,4.023562E-03,2.910737E-04,5.353342E-05,3.614029E-05,4.911148E-05,6.377548E-05,3.560824E-04,2.519154E-04,3.755278E-04,2.729897E-04,3.436331E-05,2.355886E-05,3.585573E-05,2.538198E-05,1.287748E-04,1.463028E-04,0.000000E+00,2.156836E-03
03:20:00,2.574887E-04,4.023562E-03,2.910737E-04,5.353342E-05,3.614029E-05,4.911148E-05,6.377548E-05,3.560824E-04,2.519154E-04,3.755278E-04,2.729897E-04,3.436331E-05,2.355886E-05,3.585573E-05,2.538198E-05,1.287748E-04,1.463028E-04,0.000000E+00,2.156836E-03
03:30:00,2.574887E-04,4.023562E-03,2.910737E-04,5.353342E-05,3.614029E-05,4.911148E-05,6.377548E-05,3.560824E-04,2.519154E-04,3.755278E-04,2.729897E-04,3.436331E-05,2.355886E-05,3.585573E-05,2.538198E-05,1.287748E-04,1.463028E-04,0.000000E+00,2.156836E-03
03:40:00,2.574887E-04,4.023562E-03,2.910737E-04,5.353342E-05,3.614029E-05,4.911148E-05,6.377548E-05,3.560824E-04,2.519154E-04,3.755278E-04,2.729897E-04,3.436331E-05,2.355886E-05,3.585573E-05,2.538198E-05,1.287748E-04,1.463028E-04,0.000000E+00,2.156836E-03
03:50:00,2.574887E-04,4.023562E-03,2.910737E-04,5.353342E-05,3.614029E-05,4.911148E-05,6.377548E-05,3.560824E-04,2.519154E-04,3.755278E-04,2.729897E-04,3.436331E-05,2.355886E-05,3.585573E-05,2.538198E-05,1.287748E-04,1.463028E-04,0.000000E+00,2.156836E-03
04:00:00,2.574887E-04,4.023562E-03,2.910737E-04,5.353342E-05,3.614029E-05,4.911148E-05,6.377548E-05,3.560824E-04,2.519154E-04,3.755278E-04,2.729897E-04,3.436331E-05,2.355886E-05,3.585573E-05,2.538198E-05,1.287748E-04,1.463028E-04,0.000000E+00,2.156836E-03
04:10:00,2.574887E-04,4.023562E-03,2.910737E-04,5.353342E-05,3.614029E-05,4.911148E-05,6.377548E-05,3.560824E-04,2.519154E-04,3.755278E-04,2.729897E-04,3.436331E-05,2.355886E-05,3.585573E-05,2.538198E-05,1.287748E-04,1.463028E-04,0.000000E+00,2.156836E-03
04:20:00,2.574887E-04,4.023562E-03,2.910737E-04,5.353342E-05,3.614029E-05,4.911148E-05,6.377548E-05,3.560824E-04,2.519154E-04,3.755278E-04,2.729897E-04,3.436331E-05,2.355886E-05,3.585573E-05,2.538198E-05,1.287748E-04,1.463028E-04,0.000000E+00,2.156836E-03
04:30:00,2.574887E-04,4.023562E-03,2.910737E-04,5.353342E-05,3.614029E-05,4.911148E-05,6.377548E-05,3.560824E-04,2.519154E-04,3.755278E-04,2.729897E-04,3.436331E-05,2.355886E-05,3.585573E-05,2.538198E-05,1.287748E-04,1.463028E-04,0.000000E+00,2.156836E-03
04:40:00,2.574887E-04,4.023562E-03,2.910737E-04,5.353342E-05,3.614029E-05,4.911148E-05,6.377548E-05,3.560824E-04,2.519154E-04,3.755278E-04,2.729897E-04,3.436331E-05,2.355886E-05,3.585573E-05,2.538198E-05,1.287748E-04,1.463028E-04,0.000000E+00,2.156836E-03
04:50:00,2.574887E-04,4.023562E-03,2.910737E-04,5.353342E-05,3.614029E-05,4.911148E-05,6.377548E-05,3.560824E-04,2.519154E-04,3.755278E-04,2.729897E-04,3.436331E-05,2.355886E-05,3.585573E-05,2.538198E-05,1.287748E-04,1.463028E-04,0.000000E+00,2.156836E-03
05:00:00,2.574887E-04,4.023562E-03,2.910737E-04,5.353342E-05,3.614029E-05,4.911148E-05,6.377548E-05,3.560824E-04,2.519154E-04,3.755278E-04,2.729897E-04,3.436331E-05,2.355886E-05,3.585573E-05,2.538198E-05,1.287748E-04,1.463028E-04,0.000000E+00,2.156836E-03
05:10:00,2.574887E-04,4.023562E-03,2.910737E-04,5.353342E-05,3.614029E-05,4.911148E-05,6.377548E-05,3.560824E-04,2.519154E-04,3.755278E-04,2.729897E-04,3.436331E-05,2.355886E-05,3.585573E-05,2.538198E-05,1.287748E-04,1.463028E-04,0.000000E+00,2.156836E-03
05:20:00,2.574887E-04,4.023562E-03,2.910737E-04,5.353342E-05,3.614029E-05,4.911148E-05,6.377548E-05,3.560824E-04,2.519154E-04,3.755278E-04,2.729897E-04,3.436331E-05,2.355886E-05,3.585573E-05,2.538198E-05,1.287748E-04,1.463028E-04,0.000000E+00,2.156836E-03
05:30:00,2.574887E-04,4.023562E-03,2.910737E-04,5.353342E-05,3.614029E-05,4.911148E-05,6.377548E-05,3.560824E-04,2.519154E-04,3.755278E-04,2.729897E-04,3.534368E-05,2.535715E-05,3.687780E-05,2.538198E-05,1.287748E-04,1.463028E-04,0.000000E+00,2.156836E-03
05:40:00,2.574887E-04,4.023562E-03,2.910737E-04,5.353342E-05,3.614029E-05,4.911148E-05,6.377548E-05,3.560824E-04,2.519154E-04,3.755278E-04,2.729897E-04,4.699810E-05,3.346879E-05,4.903828E-05,2.911379E-05,1.287748E-04,1.463028E-04,0.000000E+00,2.156836E-03
05:50:00,2.574887E-04,4.023562E-03,2.910737E-04,5.353342E-05,3.614029E-05,4.911148E-05,6.377548E-05,3.560824E-04,2.519154E-04,3.755278E-04,2.729897E-04,5.575396E-05,3.959788E-05,5.817431E-05,3.529538E-05,1.287748E-04,1.463028E-04,0.000000E+00,2.156836E-03
06:00:00,2.574887E-04,4.023562E-03,2.910737E-04,5.353342E-05,3.614029E-05,4.911148E-05,6.377548E-05,3.906428E-04,2.910064E-04,4.119651E-04,2.729897E-04,6.435292E-05,4.560584E-05,6.714662E-05,4.143056E-05,1.287748E-04,1.501262E-04,0.000000E+00,2.156836E-03
06:10:00,2.574887E-04,4.023562E-03,2.910737E-04,5.353342E-05,3.614029E-05,4.911148E-05,6.377548E-05,6.209800E-04,4.564515E-04,6.548790E-04,4.140082E-04,9.062104E-05,6.386497E-05,9.455535E-05,6.024910E-05,1.287748E-04,1.767765E-04,0.000000E+00,2.156836E-03
06:20:00,2.574887E-04,4.023562E-03,2.910737E-04,5.353342E-05,3.614029E-05,4.911148E-05,6.377548E-05,5.991098E-04,4.451686E-04,6.318116E-04,3.997421E-04,9.321628E-05,6.576509E-05,9.726317E-05,6.271042E-05,1.287748E-04,1.743663E-04,0.000000E+00,2.156836E-03
06:30:00,2.574887E-04,4.023562E-03,2.910737E-04,5.353342E-05,3.614029E-05,4.911148E-05,6.377548E-05,8.043689E-04,5.919959E-04,8.482766E-04,5.451757E-04,1.130392E-04,7.938808E-05,1.179470E-04,7.778389E-05,1.287748E-04,1.987016E-04,0.000000E+00,2.156836E-03
06:40:00,2.574887E-04,4.023562E-03,2.910737E-04,5.353342E-05,3.614029E-05,4.911148E-05,6.377548E-05,8.781515E-04,6.446593E-04,9.260890E-04,6.037995E-04,1.211544E-04,8.504852E-05,1.264144E-04,8.353704E-05,1.287748E-04,2.076402E-04,0.000000E+00,2.156836E-03
06:50:00,2.574887E-04,4.023562E-03,3.274123E-04,5.353342E-05,3.614029E-05,5.346417E-05,6.377548E-05,9.776491E-04,7.164108E-04,1.031018E-03,6.773126E-04,1.314649E-04,9.219019E-05,1.371727E-04,9.121892E-05,1.297891E-04,2.195482E-04,0.000000E+00,2.156836E-03
07:00:00,2.574887E-04,4.023562E-03,3.791564E-04,5.353342E-05,3.614029E-05,6.296645E-05,6.377548E-05,1.073598E-03,7.851388E-04,1.132206E-03,7.490775E-04,1.413298E-04,9.902555E-05,1.474659E-04,9.854826E-05,1.320032E-04,2.310430E-04,0.000000E+00,2.156836E-03
07:10:00,2.574887E-04,4.023562E-03,4.333994E-04,5.353342E-05,3.979247E-05,7.107034E-05,6.377548E-05,1.149867E-03,8.394539E-04,1.212639E-03,8.053383E-04,1.481224E-04,1.037183E-04,1.545535E-04,1.039009E-04,1.346368E-04,2.401455E-04,0.000000E+00,2.156836E-03
07:20:00,2.574887E-04,4.023562E-03,5.103663E-04,5.640044E-05,4.747779E-05,8.429178E-05,6.377548E-05,1.254266E-03,9.130072E-04,1.322739E-03,8.875101E-04,1.574575E-04,1.101309E-04,1.642939E-04,1.110739E-04,1.398986E-04,2.527372E-04,0.000000E+00,2.156836E-03
07:30:00,2.574887E-04,4.023562E-03,5.459993E-04,6.760145E-05,5.435977E-05,9.246072E-05,6.377548E-05,1.322497E-03,9.619108E-04,1.394695E-03,9.396797E-04,1.639984E-04,1.146536E-04,1.711188E-04,1.161005E-04,1.456007E-04,2.609472E-04,0.000000E+00,2.156836E-03
07:40:00,2.574887E-04,4.023562E-03,5.883345E-04,7.773933E-05,6.139713E-05,1.019987E-04,6.377548E-05,1.399460E-03,1.016692E-03,1.475860E-03,9.994414E-04,1.711560E-04,1.195950E-04,1.785872E-04,1.215915E-04,1.514263E-04,2.702233E-04,0.000000E+00,2.156836E-03
07:50:00,2.574887E-04,4.023562E-03,6.310995E-04,8.773568E-05,6.817826E-05,1.111149E-04,6.438541E-05,1.474068E-03,1.069892E-03,1.554541E-03,1.057320E-03,1.781429E-04,1.244224E-04,1.858774E-04,1.269389E-04,1.571416E-04,2.792171E-04,0.000000E+00,2.156836E-03
08:00:00,2.574887E-04,4.464228E-03,6.717427E-04,9.751847E-05,7.484440E-05,1.200791E-04,7.571781E-05,1.547230E-03,1.122108E-03,1.631699E-03,1.114190E-03,1.850007E-04,1.291625E-04,1.930331E-04,1.321793E-04,1.639922E-04,2.993820E-04,0.000000E+00,2.156836E-03
08:10:00,2.574887E-04,4.023562E-03,6.171791E-04,8.974442E-05,6.930623E-05,1.114377E-04,6.601329E-05,1.474447E-03,1.069685E-03,1.554941E-03,1.061874E-03,1.766166E-04,1.233409E-04,1.842848E-04,1.262635E-04,1.580646E-04,2.793777E-04,0.000000E+00,2.156836E-03
08:20:00,2.574887E-04,4.497414E-03,6.368946E-04,9.577387E-05,7.304275E-05,1.151023E-04,7.503978E-05,1.483020E-03,1.074776E-03,1.563983E-03,1.071143E-03,1.762564E-04,1.230114E-04,1.839090E-04,1.262173E-04,1.620136E-04,2.926518E-04,0.000000E+00,2.156836E-03
08:30:00,2.574887E-04,4.116325E-03,6.052703E-04,9.156294E-05,7.011272E-05,1.103363E-04,6.949900E-05,1.439763E-03,1.043418E-03,1.518365E-03,1.039970E-03,1.711179E-04,1.194241E-04,1.785475E-04,1.225748E-04,1.587643E-04,2.776864E-04,0.000000E+00,2.156836E-03
08:40:00,2.574887E-04,4.041793E-03,5.896071E-04,9.045306E-05,6.922503E-05,1.083611E-04,6.852879E-05,1.415063E-03,1.025309E-03,1.492316E-03,1.022546E-03,1.678505E-04,1.171304E-04,1.751381E-04,1.202605E-04,1.577735E-04,2.728277E-04,0.000000E+00,2.156836E-03
08:50:00,2.574887E-04,4.023562E-03,5.755680E-04,8.949409E-05,6.847212E-05,1.067211E-04,6.752746E-05,1.393986E-03,1.009869E-03,1.470088E-03,1.007471E-03,1.650183E-04,1.151447E-04,1.721830E-04,1.182209E-04,1.569169E-04,2.698432E-04,0.000000E+00,2.156836E-03
09:00:00,2.574887E-04,4.023562E-03,5.630118E-04,8.869187E-05,6.784043E-05,1.053371E-04,6.668660E-05,1.375456E-03,9.963146E-04,1.450547E-03,9.939889E-04,1.625089E-04,1.133877E-04,1.695646E-04,1.163846E-04,1.561968E-04,2.676255E-04,0.000000E+00,2.156836E-03
09:10:00,2.574887E-04,4.023562E-03,5.516841E-04,8.800254E-05,6.729775E-05,1.041487E-04,6.596385E-05,1.358896E-03,9.842455E-04,1.433083E-03,9.817996E-04,1.602623E-04,1.118166E-04,1.672205E-04,1.147171E-04,1.555782E-04,2.656408E-04,0.000000E+00,2.156836E-03
09:20:00,2.574887E-04,4.023562E-03,5.413826E-04,8.739818E-05,6.682318E-05,1.031116E-04,6.533181E-05,1.343952E-03,9.733501E-04,1.417322E-03,9.706716E-04,1.582323E-04,1.103988E-04,1.651023E-04,1.131890E-04,1.550375E-04,2.638456E-04,0.000000E+00,2.156836E-03
09:30:00,2.574887E-04,4.023562E-03,5.319491E-04,8.685981E-05,6.640206E-05,1.021936E-04,6.477150E-05,1.330335E-03,9.634331E-04,1.402962E-03,9.604324E-04,1.563796E-04,1.091064E-04,1.631692E-04,1.117827E-04,1.545578E-04,2.622072E-04,0.000000E+00,2.156836E-03
09:40:00,2.574887E-04,4.023562E-03,5.232405E-04,8.637313E-05,6.602333E-05,1.013701E-04,6.426858E-05,1.317818E-03,9.543259E-04,1.389761E-03,9.509438E-04,1.546779E-04,1.079206E-04,1.613935E-04,1.104806E-04,1.541264E-04,2.606990E-04,0.000000E+00,2.156836E-03
09:50:00,2.574887E-04,4.023562E-03,5.151636E-04,8.592774E-05,6.567893E-05,1.006228E-04,6.381271E-05,1.306232E-03,9.459052E-04,1.377543E-03,9.421052E-04,1.531059E-04,1.068261E-04,1.597533E-04,1.092702E-04,1.537341E-04,2.593017E-04,0.000000E+00,2.156836E-03
10:00:00,2.574887E-04,4.023562E-03,5.076607E-04,8.551590E-05,6.536302E-05,9.993876E-05,6.377548E-05,1.295460E-03,9.380820E-04,1.366183E-03,9.338459E-04,1.516489E-04,1.058124E-04,1.582330E-04,1.081428E-04,1.534179E-04,2.580014E-04,0.000000E+00,2.156836E-03
10:10:00,2.574887E-04,4.023562E-03,5.006559E-04,8.513256E-05,6.507058E-05,9.930659E-05,6.377548E-05,1.285387E-03,9.307726E-04,1.355560E-03,9.260944E-04,1.502917E-04,1.048687E-04,1.568169E-04,1.070887E-04,1.531290E-04,2.567849E-04,0.000000E+00,2.156836E-03
10:20:00,2.574887E-04,4.023562E-03,4.940848E-04,8.477330E-05,6.479757E-05,9.871743E-05,6.377548E-05,1.275922E-03,9.239085E-04,1.345578E-03,9.187908E-04,1.490214E-04,1.039860E-04,1.554914E-04,1.060994E-04,1.528592E-04,2.556412E-04,0.000000E+00,2.156836E-03
10:30:00,2.574887E-04,4.023562E-03,4.878976E-04,8.443431E-05,6.454088E-05,9.816434E-05,6.377548E-05,1.266991E-03,9.174356E-04,1.336159E-03,9.118870E-04,1.478277E-04,1.031569E-04,1.542459E-04,1.051681E-04,1.526055E-04,2.545619E-04,0.000000E+00,2.156836E-03
10:40:00,2.574887E-04,4.023562E-03,4.820523E-04,8.411259E-05,6.429804E-05,9.764185E-05,6.377548E-05,1.258534E-03,9.113098E-04,1.327241E-03,9.053428E-04,1.467020E-04,1.023754E-04,1.530713E-04,1.042889E-04,1.523654E-04,2.535398E-04,0.000000E+00,2.156836E-03
10:50:00,2.574887E-04,4.023562E-03,4.765134E-04,8.380573E-05,6.406709E-05,9.714561E-05,6.377548E-05,1.250502E-03,9.054941E-04,1.318770E-03,8.991242E-04,1.456372E-04,1.016364E-04,1.519603E-04,1.034569E-04,1.521370E-04,2.525690E-04,0.000000E+00,2.156836E-03
11:00:00,2.574887E-04,4.023562E-03,4.712309E-04,8.351131E-05,6.384610E-05,9.667134E-05,6.377548E-05,1.242840E-03,8.999492E-04,1.310690E-03,8.931920E-04,1.446249E-04,1.009342E-04,1.509041E-04,1.026660E-04,1.519185E-04,2.516430E-04,0.000000E+00,2.156836E-03
11:10:00,2.574887E-04,4.023562E-03,4.661864E-04,8.322795E-05,6.363394E-05,9.621652E-05,6.377548E-05,1.235519E-03,8.946526E-04,1.302969E-03,8.875250E-04,1.436607E-04,1.002654E-04,1.498979E-04,1.019130E-04,1.517087E-04,2.507584E-04,0.000000E+00,2.156836E-03
11:20:00,2.574887E-04,4.023562E-03,4.613638E-04,8.295459E-05,6.342975E-05,9.577921E-05,6.377548E-05,1.228514E-03,8.895857E-04,1.295581E-03,8.821050E-04,1.427408E-04,9.962758E-05,1.489381E-04,1.011951E-04,1.515067E-04,2.499119E-04,0.000000E+00,2.156836E-03
11:30:00,2.574887E-04,4.023562E-03,4.567453E-04,8.269026E-05,6.323272E-05,9.535767E-05,6.377548E-05,1.221799E-03,8.847303E-04,1.288500E-03,8.769137E-04,1.418616E-04,9.901815E-05,1.480208E-04,1.005097E-04,1.513117E-04,2.491008E-04,0.000000E+00,2.156836E-03
11:40:00,2.574887E-04,4.023562E-03,4.523149E-04,8.243414E-05,6.304223E-05,9.495048E-05,6.377548E-05,1.215353E-03,8.800706E-04,1.281702E-03,8.719348E-04,1.410200E-04,9.843485E-05,1.471426E-04,9.985433E-05,1.511232E-04,2.483223E-04,0.000000E+00,2.156836E-03
11:50:00,2.574887E-04,4.023562E-03,4.480583E-04,8.218556E-05,6.285773E-05,9.455644E-05,6.377548E-05,1.209158E-03,8.755925E-04,1.275168E-03,8.671535E-04,1.402132E-04,9.787572E-05,1.463008E-04,9.922680E-05,1.509406E-04,2.475742E-04,0.000000E+00,2.156836E-03
12:00:00,2.574887E-04,4.023562E-03,4.439631E-04,8.194397E-05,6.267877E-05,9.417456E-05,6.377548E-05,1.203195E-03,8.712837E-04,1.268880E-03,8.625568E-04,1.394386E-04,9.733902E-05,1.454925E-04,9.862515E-05,1.507635E-04,2.468544E-04,0.000000E+00,2.156836E-03
12:10:00,2.574887E-04,4.023562E-03,4.400184E-04,8.170890E-05,6.250499E-05,9.380401E-05,6.377548E-05,1.197451E-03,8.671333E-04,1.262823E-03,8.581328E-04,1.386941E-04,9.682321E-05,1.447157E-04,9.804763E-05,1.505914E-04,2.461612E-04,0.000000E+00,2.156836E-03
12:20:00,2.574887E-04,4.023562E-03,4.362142E-04,8.147997E-05,6.233608E-05,9.344409E-05,6.377548E-05,1.191911E-03,8.631313E-04,1.256981E-03,8.538710E-04,1.379776E-04,9.632690E-05,1.439681E-04,9.749267E-05,1.504242E-04,2.454928E-04,0.000000E+00,2.156836E-03
12:30:00,2.574887E-04,4.023562E-03,4.325416E-04,8.125683E-05,6.217177E-05,9.309418E-05,6.377548E-05,1.186565E-03,8.592691E-04,1.251342E-03,8.497617E-04,1.372875E-04,9.584888E-05,1.432480E-04,9.695885E-05,1.502614E-04,2.448478E-04,0.000000E+00,2.156836E-03
12:40:00,2.574887E-04,4.023562E-03,4.290136E-04,8.104000E-05,6.201242E-05,9.275502E-05,6.377548E-05,1.181418E-03,8.555518E-04,1.245914E-03,8.458103E-04,1.366247E-04,9.538982E-05,1.425564E-04,9.644691E-05,1.501035E-04,2.442270E-04,0.000000E+00,2.156836E-03
12:50:00,2.574887E-04,4.023562E-03,4.256155E-04,8.082896E-05,6.185765E-05,9.242579E-05,6.377548E-05,1.176455E-03,8.519673E-04,1.240681E-03,8.420040E-04,1.359871E-04,9.494821E-05,1.418911E-04,9.595507E-05,1.499501E-04,2.436286E-04,0.000000E+00,2.156836E-03
13:00:00,2.574887E-04,4.023562E-03,4.223341E-04,8.062320E-05,6.170710E-05,9.210565E-05,6.377548E-05,1.171660E-03,8.485044E-04,1.235624E-03,8.383299E-04,1.353724E-04,9.452253E-05,1.412498E-04,9.548158E-05,1.498008E-04,2.430505E-04,0.000000E+00,2.156836E-03
13:10:00,2.574887E-04,4.023562E-03,4.191619E-04,8.042242E-05,6.156057E-05,9.179409E-05,6.377548E-05,1.167023E-03,8.451557E-04,1.230733E-03,8.347802E-04,1.347793E-04,9.411178E-05,1.406309E-04,9.502528E-05,1.496554E-04,2.424916E-04,0.000000E+00,2.156836E-03
13:20:00,2.574887E-04,4.023562E-03,4.160925E-04,8.022641E-05,6.141793E-05,9.149070E-05,6.377548E-05,1.162535E-03,8.419150E-04,1.226000E-03,8.313478E-04,1.342064E-04,9.371509E-05,1.400332E-04,9.458516E-05,1.495137E-04,2.419507E-04,0.000000E+00,2.156836E-03
13:30:00,2.574887E-04,4.023562E-03,4.131204E-04,8.003500E-05,6.127910E-05,9.119514E-05,6.377548E-05,1.158188E-03,8.387768E-04,1.221416E-03,8.280267E-04,1.336528E-04,9.333171E-05,1.394555E-04,9.416034E-05,1.493756E-04,2.414270E-04,0.000000E+00,2.156836E-03
13:40:00,2.574887E-04,4.023562E-03,4.102198E-04,7.984723E-05,6.114293E-05,9.090586E-05,6.377548E-05,1.153958E-03,8.357231E-04,1.216955E-03,8.247970E-04,1.331147E-04,9.295913E-05,1.388940E-04,9.374796E-05,1.492402E-04,2.409174E-04,0.000000E+00,2.156836E-03
13:50:00,2.574887E-04,4.023562E-03,4.073932E-04,7.966322E-05,6.100923E-05,9.062293E-05,6.377548E-05,1.149845E-03,8.327539E-04,1.212617E-03,8.216586E-04,1.325920E-04,9.259724E-05,1.383486E-04,9.334786E-05,1.491077E-04,2.404220E-04,0.000000E+00,2.156836E-03
14:00:00,2.574887E-04,4.023562E-03,4.046432E-04,7.948316E-05,6.087800E-05,9.034653E-05,6.377548E-05,1.145849E-03,8.298698E-04,1.208403E-03,8.186122E-04,1.320847E-04,9.224605E-05,1.378193E-04,9.296005E-05,1.489780E-04,2.399408E-04,0.000000E+00,2.156836E-03
14:10:00,2.574887E-04,4.023562E-03,4.019676E-04,7.930701E-05,6.074910E-05,9.007658E-05,6.377548E-05,1.141967E-03,8.270681E-04,1.204310E-03,8.156545E-04,1.315924E-04,9.190520E-05,1.373056E-04,9.258407E-05,1.488512E-04,2.394734E-04,0.000000E+00,2.156836E-03
14:20:00,2.574887E-04,4.023562E-03,3.993636E-04,7.913470E-05,6.062235E-05,8.981294E-05,6.377548E-05,1.138196E-03,8.243459E-04,1.200332E-03,8.127823E-04,1.311144E-04,9.157429E-05,1.368068E-04,9.221945E-05,1.487270E-04,2.390193E-04,0.000000E+00,2.156836E-03
14:30:00,2.574887E-04,4.023562E-03,3.968286E-04,7.896614E-05,6.049754E-05,8.955545E-05,6.377548E-05,1.134530E-03,8.217002E-04,1.196466E-03,8.099920E-04,1.306502E-04,9.125294E-05,1.363225E-04,9.186570E-05,1.486055E-04,2.385780E-04,0.000000E+00,2.156836E-03
14:40:00,2.574887E-04,4.023562E-03,3.943601E-04,7.880125E-05,6.037502E-05,8.930397E-05,6.377548E-05,1.130966E-03,8.191281E-04,1.192707E-03,8.072804E-04,1.301992E-04,9.094078E-05,1.358519E-04,9.152238E-05,1.484867E-04,2.381490E-04,0.000000E+00,2.156836E-03
14:50:00,2.574887E-04,4.023562E-03,3.919558E-04,7.863995E-05,6.025490E-05,8.905833E-05,6.377548E-05,1.127500E-03,8.166268E-04,1.189052E-03,8.046444E-04,1.297611E-04,9.063746E-05,1.353948E-04,9.118908E-05,1.483705E-04,2.377318E-04,0.000000E+00,2.156836E-03
15:00:00,2.574887E-04,4.023562E-03,3.896134E-04,7.848215E-05,6.013717E-05,8.881840E-05,6.377548E-05,1.124128E-03,8.141936E-04,1.185496E-03,8.020811E-04,1.293352E-04,9.034266E-05,1.349504E-04,9.086540E-05,1.482568E-04,2.373259E-04,0.000000E+00,2.156836E-03
15:10:00,2.574887E-04,4.023562E-03,3.873309E-04,7.832776E-05,6.002180E-05,8.858401E-05,6.377548E-05,1.120847E-03,8.118261E-04,1.182036E-03,7.995876E-04,1.289212E-04,9.005605E-05,1.345184E-04,9.055096E-05,1.481456E-04,2.369311E-04,0.000000E+00,2.156836E-03
15:20:00,2.574887E-04,4.023562E-03,3.851060E-04,7.817670E-05,5.990878E-05,8.835503E-05,6.377548E-05,1.117653E-03,8.095218E-04,1.178668E-03,7.971612E-04,1.285185E-04,8.977734E-05,1.340983E-04,9.024542E-05,1.480369E-04,2.365468E-04,0.000000E+00,2.156836E-03
15:30:00,2.574887E-04,4.023562E-03,3.829370E-04,7.802889E-05,5.979806E-05,8.813133E-05,6.377548E-05,1.114544E-03,8.072786E-04,1.175389E-03,7.947995E-04,1.281269E-04,8.950624E-05,1.336896E-04,8.994843E-05,1.479306E-04,2.361727E-04,0.000000E+00,2.156836E-03
15:40:00,2.574887E-04,4.023562E-03,3.808220E-04,7.788426E-05,5.968961E-05,8.791275E-05,6.377548E-05,1.111517E-03,8.050941E-04,1.172197E-03,7.925001E-04,1.277459E-04,8.924250E-05,1.332921E-04,8.965969E-05,1.478266E-04,2.358084E-04,0.000000E+00,2.156836E-03
15:50:00,2.574887E-04,4.023562E-03,3.787592E-04,7.774272E-05,5.958338E-05,8.769918E-05,6.377548E-05,1.108568E-03,8.029664E-04,1.169086E-03,7.902608E-04,1.273751E-04,8.898585E-05,1.329052E-04,8.937889E-05,1.477249E-04,2.354535E-04,0.000000E+00,2.156836E-03
16:00:00,2.574887E-04,4.023562E-03,3.767470E-04,7.760420E-05,5.947934E-05,8.749049E-05,6.377548E-05,1.105694E-03,8.008934E-04,1.166056E-03,7.880794E-04,1.270143E-04,8.873604E-05,1.325287E-04,8.910575E-05,1.476255E-04,2.351078E-04,0.000000E+00,2.156836E-03
16:10:00,2.574887E-04,4.023562E-03,3.747837E-04,7.746864E-05,5.937745E-05,8.728655E-05,6.377548E-05,1.102895E-03,7.988734E-04,1.163104E-03,7.859540E-04,1.266630E-04,8.849286E-05,1.321621E-04,8.883999E-05,1.475282E-04,2.347710E-04,0.000000E+00,2.156836E-03
16:20:00,2.574887E-04,4.023562E-03,3.728679E-04,7.733595E-05,5.927765E-05,8.708725E-05,6.377548E-05,1.100166E-03,7.969046E-04,1.160226E-03,7.838826E-04,1.263209E-04,8.825607E-05,1.318052E-04,8.858137E-05,1.474330E-04,2.344426E-04,0.000000E+00,2.156836E-03
16:30:00,2.574887E-04,4.023562E-03,3.709981E-04,7.720607E-05,5.917991E-05,8.689246E-05,6.377548E-05,1.097505E-03,7.949852E-04,1.157420E-03,7.818635E-04,1.259878E-04,8.802547E-05,1.314576E-04,8.832963E-05,1.473399E-04,2.341225E-04,0.000000E+00,2.156836E-03
16:40:00,2.574887E-04,4.023562E-03,3.691728E-04,7.707893E-05,5.908419E-05,8.670207E-05,6.377548E-05,1.094911E-03,7.931136E-04,1.154684E-03,7.798949E-04,1.256633E-04,8.780085E-05,1.311191E-04,8.808454E-05,1.472488E-04,2.338104E-04,0.000000E+00,2.156836E-03
16:50:00,2.574887E-04,4.023562E-03,3.673909E-04,7.695446E-05,5.899043E-05,8.651599E-05,6.377548E-05,1.092380E-03,7.912883E-04,1.152015E-03,7.779752E-04,1.253472E-04,8.758203E-05,1.307893E-04,8.784589E-05,1.471597E-04,2.335060E-04,0.000000E+00,2.156836E-03
17:00:00,2.574887E-04,4.023562E-03,3.656509E-04,7.683261E-05,5.889860E-05,8.633409E-05,6.377548E-05,1.089912E-03,7.895078E-04,1.149413E-03,7.761028E-04,1.250393E-04,8.736882E-05,1.304679E-04,8.761346E-05,1.470726E-04,2.332091E-04,0.000000E+00,2.156836E-03
17:10:00,2.574887E-04,4.023562E-03,3.639518E-04,7.671330E-05,5.880866E-05,8.615629E-05,6.377548E-05,1.087504E-03,7.877707E-04,1.146873E-03,7.742761E-04,1.247391E-04,8.716105E-05,1.301548E-04,8.738705E-05,1.469873E-04,2.329195E-04,0.000000E+00,2.156836E-03
17:20:00,2.574887E-04,4.023562E-03,3.622922E-04,7.659648E-05,5.872056E-05,8.598247E-05,6.377548E-05,1.085155E-03,7.860757E-04,1.144395E-03,7.724939E-04,1.244466E-04,8.695854E-05,1.298495E-04,8.716646E-05,1.469038E-04,2.326368E-04,0.000000E+00,2.156836E-03
17:30:00,2.574887E-04,4.023562E-03,3.606711E-04,7.648209E-05,5.863427E-05,8.581255E-05,6.377548E-05,1.082861E-03,7.844214E-04,1.141977E-03,7.707546E-04,1.241615E-04,8.676114E-05,1.295520E-04,8.695152E-05,1.468222E-04,2.323609E-04,0.000000E+00,2.156836E-03
17:40:00,2.574887E-04,4.023562E-03,3.590875E-04,7.637006E-05,5.854974E-05,8.564644E-05,6.377548E-05,1.080623E-03,7.828067E-04,1.139616E-03,7.690569E-04,1.238835E-04,8.656869E-05,1.292620E-04,8.674205E-05,1.467423E-04,2.320917E-04,0.000000E+00,2.156836E-03
17:50:00,2.574887E-04,4.023562E-03,3.575402E-04,7.626035E-05,5.846693E-05,8.548405E-05,6.377548E-05,1.078437E-03,7.812302E-04,1.137311E-03,7.673996E-04,1.236125E-04,8.638104E-05,1.289792E-04,8.653787E-05,1.466641E-04,2.318288E-04,0.000000E+00,2.156836E-03
18:00:00,2.574887E-04,4.023562E-03,3.560283E-04,7.615289E-05,5.838581E-05,8.532529E-05,6.377548E-05,1.076303E-03,7.796910E-04,1.135061E-03,7.657814E-04,1.233482E-04,8.619806E-05,1.287035E-04,8.633883E-05,1.465876E-04,2.315721E-04,0.000000E+00,2.156836E-03
18:10:00,2.574887E-04,4.023562E-03,3.545715E-04,7.604876E-05,5.830716E-05,8.517170E-05,6.377548E-05,1.074242E-03,7.782038E-04,1.132887E-03,7.642184E-04,1.230932E-04,8.602148E-05,1.284374E-04,8.614683E-05,1.465135E-04,2.313242E-04,0.000000E+00,2.156836E-03
18:20:00,2.574887E-04,4.023562E-03,3.531632E-04,7.594759E-05,5.823074E-05,8.502286E-05,6.377548E-05,1.072245E-03,7.767633E-04,1.130781E-03,7.627048E-04,1.228467E-04,8.585072E-05,1.281801E-04,8.596123E-05,1.464416E-04,2.310840E-04,0.000000E+00,2.156836E-03
18:30:00,2.574887E-04,4.023562E-03,3.517954E-04,7.584892E-05,5.815620E-05,8.487810E-05,6.377548E-05,1.070304E-03,7.753623E-04,1.128733E-03,7.612329E-04,1.226074E-04,8.568502E-05,1.279305E-04,8.578118E-05,1.463715E-04,2.308504E-04,0.000000E+00,2.156836E-03
18:40:00,2.574887E-04,4.023562E-03,3.504654E-04,7.575256E-05,5.808339E-05,8.473717E-05,6.377548E-05,1.068413E-03,7.739981E-04,1.126739E-03,7.597999E-04,1.223750E-04,8.552405E-05,1.276880E-04,8.560634E-05,1.463033E-04,2.306230E-04,0.000000E+00,2.156836E-03
18:50:00,2.574887E-04,4.023562E-03,3.491712E-04,7.565837E-05,5.801223E-05,8.459990E-05,6.377548E-05,1.066570E-03,7.726685E-04,1.124796E-03,7.584036E-04,1.221491E-04,8.536759E-05,1.274523E-04,8.543647E-05,1.462366E-04,2.304014E-04,0.000000E+00,2.156836E-03
19:00:00,2.574887E-04,4.023562E-03,3.479115E-04,7.556627E-05,5.794263E-05,8.446587E-05,6.377548E-05,1.064773E-03,7.713722E-04,1.122901E-03,7.570426E-04,1.219295E-04,8.521545E-05,1.272231E-04,8.527135E-05,1.461715E-04,2.301853E-04,0.000000E+00,2.156836E-03
19:10:00,2.574887E-04,4.023562E-03,3.466640E-04,7.547506E-05,5.787372E-05,8.433312E-05,6.377548E-05,1.062998E-03,7.700918E-04,1.121029E-03,7.556981E-04,1.217131E-04,8.506557E-05,1.269973E-04,8.510874E-05,1.461070E-04,2.299718E-04,0.000000E+00,2.156836E-03
19:20:00,2.574887E-04,4.023562E-03,3.454332E-04,7.538498E-05,5.780565E-05,8.420182E-05,6.377548E-05,1.061250E-03,7.688305E-04,1.119185E-03,7.543738E-04,1.215004E-04,8.491823E-05,1.267754E-04,8.494895E-05,1.460433E-04,2.297615E-04,0.000000E+00,2.156836E-03
19:30:00,2.574887E-04,4.023562E-03,3.442249E-04,7.529638E-05,5.773870E-05,8.407239E-05,6.377548E-05,1.059534E-03,7.675932E-04,1.117376E-03,7.530747E-04,1.212921E-04,8.477394E-05,1.265580E-04,8.479252E-05,1.459805E-04,2.295553E-04,0.000000E+00,2.156836E-03
19:40:00,2.574887E-04,4.023562E-03,3.430400E-04,7.520936E-05,5.767292E-05,8.394484E-05,6.377548E-05,1.057854E-03,7.663809E-04,1.115604E-03,7.518020E-04,1.210882E-04,8.463276E-05,1.263453E-04,8.463952E-05,1.459188E-04,2.293532E-04,0.000000E+00,2.156836E-03
19:50:00,2.574887E-04,4.023562E-03,3.418786E-04,7.512393E-05,5.760835E-05,8.381915E-05,6.377548E-05,1.056208E-03,7.651938E-04,1.113868E-03,7.505557E-04,1.208889E-04,8.449466E-05,1.261373E-04,8.448990E-05,1.458580E-04,2.291553E-04,0.000000E+00,2.156836E-03
20:00:00,2.574887E-04,4.023562E-03,3.407403E-04,7.504009E-05,5.754497E-05,8.369552E-05,6.377548E-05,1.054597E-03,7.640314E-04,1.112169E-03,7.493353E-04,1.206940E-04,8.435961E-05,1.259339E-04,8.434362E-05,1.457984E-04,2.289615E-04,0.000000E+00,2.156836E-03
20:10:00,2.574887E-04,4.023562E-03,3.396251E-04,7.495783E-05,5.748279E-05,8.357410E-05,6.377548E-05,1.053020E-03,7.628936E-04,1.110506E-03,7.481405E-04,1.205034E-04,8.422755E-05,1.257351E-04,8.420062E-05,1.457398E-04,2.287718E-04,0.000000E+00,2.156836E-03
20:20:00,2.574887E-04,4.023562E-03,3.385325E-04,7.487712E-05,5.742177E-05,8.345490E-05,6.377548E-05,1.051476E-03,7.617798E-04,1.108878E-03,7.469709E-04,1.203170E-04,8.409845E-05,1.255407E-04,8.406082E-05,1.456823E-04,2.285861E-04,0.000000E+00,2.156836E-03
20:30:00,2.574887E-04,4.023562E-03,3.374622E-04,7.479794E-05,5.736191E-05,8.333792E-05,6.377548E-05,1.049965E-03,7.606896E-04,1.107284E-03,7.458258E-04,1.201349E-04,8.397224E-05,1.253506E-04,8.392418E-05,1.456259E-04,2.284044E-04,0.000000E+00,2.156836E-03
20:40:00,2.574887E-04,4.023562E-03,3.364140E-04,7.472025E-05,5.730318E-05,8.322313E-05,6.377548E-05,1.048486E-03,7.596225E-04,1.105724E-03,7.447047E-04,1.199569E-04,8.384887E-05,1.251648E-04,8.379062E-05,1.455706E-04,2.282265E-04,0.000000E+00,2.156836E-03
20:50:00,2.574887E-04,4.023562E-03,3.353873E-04,7.464404E-05,5.724557E-05,8.311051E-05,6.377548E-05,1.047038E-03,7.585780E-04,1.104198E-03,7.436071E-04,1.197829E-04,8.372827E-05,1.249833E-04,8.366007E-05,1.455163E-04,2.280523E-04,0.000000E+00,2.156836E-03
21:00:00,2.574887E-04,4.023562E-03,3.343819E-04,7.456927E-05,5.718905E-05,8.300005E-05,6.377548E-05,1.045621E-03,7.575554E-04,1.102703E-03,7.425325E-04,1.196128E-04,8.361040E-05,1.248058E-04,8.353247E-05,1.454630E-04,2.278819E-04,0.000000E+00,2.156836E-03
21:10:00,2.574887E-04,4.023562E-03,3.333973E-04,7.449590E-05,5.713360E-05,8.289170E-05,6.377548E-05,1.044234E-03,7.565545E-04,1.101240E-03,7.414802E-04,1.194466E-04,8.349519E-05,1.246324E-04,8.340776E-05,1.454108E-04,2.277150E-04,0.000000E+00,2.156836E-03
21:20:00,2.574887E-04,4.023562E-03,3.324331E-04,7.442392E-05,5.707919E-05,8.278544E-05,6.377548E-05,1.042876E-03,7.555745E-04,1.099808E-03,7.404498E-04,1.192841E-04,8.338259E-05,1.244629E-04,8.328587E-05,1.453596E-04,2.275516E-04,0.000000E+00,2.156836E-03
21:30:00,2.574887E-04,4.023562E-03,3.314890E-04,7.435328E-05,5.702581E-05,8.268122E-05,6.377548E-05,1.041546E-03,7.546151E-04,1.098405E-03,7.394407E-04,1.191254E-04,8.327253E-05,1.242972E-04,8.316672E-05,1.453093E-04,2.273916E-04,0.000000E+00,2.156836E-03
21:40:00,2.574887E-04,4.023562E-03,3.305644E-04,7.428397E-05,5.697344E-05,8.257901E-05,6.377548E-05,1.040244E-03,7.536757E-04,1.097032E-03,7.384524E-04,1.189702E-04,8.316496E-05,1.241353E-04,8.305027E-05,1.452600E-04,2.272350E-04,0.000000E+00,2.156836E-03
21:50:00,2.574887E-04,4.023562E-03,3.296592E-04,7.421595E-05,5.692204E-05,8.247878E-05,6.377548E-05,1.038969E-03,7.527559E-04,1.095688E-03,7.374844E-04,1.188186E-04,8.305982E-05,1.239771E-04,8.293645E-05,1.452116E-04,2.270816E-04,0.000000E+00,2.156836E-03
22:00:00,2.574887E-04,4.023562E-03,3.287728E-04,7.414920E-05,5.687161E-05,8.238049E-05,6.377548E-05,1.037721E-03,7.518551E-04,1.094372E-03,7.365362E-04,1.186704E-04,8.295706E-05,1.238225E-04,8.282520E-05,1.451641E-04,2.269314E-04,0.000000E+00,2.156836E-03
22:10:00,2.574887E-04,4.023562E-03,2.910737E-04,6.176310E-05,4.737193E-05,6.860933E-05,6.377548E-05,8.642457E-04,6.261694E-04,9.114261E-04,6.133838E-04,9.883002E-05,6.908791E-05,1.031208E-04,6.897449E-05,1.373691E-04,2.063040E-04,0.000000E+00,2.156836E-03
22:20:00,2.574887E-04,4.023562E-03,2.910737E-04,5.353342E-05,3.788090E-05,5.485503E-05,6.377548E-05,6.909850E-04,5.006385E-04,7.287069E-04,4.903944E-04,7.901521E-05,5.523648E-05,8.244567E-05,5.514294E-05,1.304683E-04,1.857025E-04,0.000000E+00,2.156836E-03
22:30:00,2.574887E-04,4.023562E-03,2.910737E-04,5.353342E-05,3.614029E-05,4.911148E-05,6.377548E-05,5.179344E-04,3.752593E-04,5.462092E-04,3.675645E-04,5.922536E-05,4.140236E-05,6.179664E-05,4.133014E-05,1.287748E-04,1.651262E-04,0.000000E+00,2.156836E-03
22:40:00,2.574887E-04,4.023562E-03,2.910737E-04,5.353342E-05,3.614029E-05,4.911148E-05,6.377548E-05,3.560824E-04,2.519154E-04,3.755278E-04,2.729897E-04,3.945991E-05,2.758516E-05,4.117307E-05,2.753566E-05,1.287748E-04,1.463028E-04,0.000000E+00,2.156836E-03
22:50:00,2.574887E-04,4.023562E-03,2.910737E-04,5.353342E-05,3.614029E-05,4.911148E-05,6.377548E-05,3.560824E-04,2.519154E-04,3.755278E-04,2.729897E-04,3.436331E-05,2.355886E-05,3.585573E-05,2.538198E-05,1.287748E-04,1.463028E-04,0.000000E+00,2.156836E-03
23:00:00,2.574887E-04,4.023562E-03,2.910737E-04,5.353342E-05,3.614029E-05,4.911148E-05,6.377548E-05,3.560824E-04,2.519154E-04,3.755278E-04,2.729897E-04,3.436331E-05,2.355886E-05,3.585573E-05,2.538198E-05,1.287748E-04,1.463028E-04,0.000000E+00,2.156836E-03
23:10:00,2.574887E-04,4.023562E-03,2.910737E-04,5.353342E-05,3.614029E-05,4.911148E-05,6.377548E-05,3.560824E-04,2.519154E-04,3.755278E-04,2.729897E-04,3.436331E-05,2.355886E-05,3.585573E-05,2.538198E-05,1.287748E-04,1.463028E-04,0.000000E+00,2.156836E-03
23:20:00,2.574887E-04,4.023562E-03,2.910737E-04,5.353342E-05,3.614029E-05,4.911148E-05,6.377548E-05,3.560824E-04,2.519154E-04,3.755278E-04,2.729897E-04,3.436331E-05,2.355886E-05,3.585573E-05,2.538198E-05,1.287748E-04,1.463028E-04,0.000000E+00,2.156836E-03
23:30:00,2.574887E-04,4.023562E-03,2.910737E-04,5.353342E-05,3.614029E-05,4.911148E-05,6.377548E-05,3.560824E-04,2.519154E-04,3.755278E-04,2.729897E-04,3.436331E-05,2.355886E-05,3.585573E-05,2.538198E-05,1.287748E-04,1.463028E-04,0.000000E+00,2.156836E-03
23:40:00,2.574887E-04,4.023562E-03,2.910737E-04,5.353342E-05,3.614029E-05,4.911148E-05,6.377548E-05,3.560824E-04,2.519154E-04,3.755278E-04,2.729897E-04,3.436331E-05,2.355886E-05,3.585573E-05,2.538198E-05,1.287748E-04,1.463028E-04,0.000000E+00,2.156836E-03
23:50:00,2.574887E-04,4.023562E-03,2.910737E-04,5.353342E-05,3.614029E-05,4.911148E-05,6.377548E-05,3.560824E-04,2.519154E-04,3.755278E-04,2.729897E-04,3.436331E-05,2.355886E-05,3.585573E-05,2.538198E-05,1.287748E-04,1.463028E-04,0.000000E+00,2.156836E-03
24:00:00,2.574887E-04,4.023562E-03,2.910737E-04,5.353342E-05,3.614029E-05,4.911148E-05,6.377548E-05,3.560824E-04,2.519154E-04,3.755278E-04,2.729897E-04,3.436331E-05,2.355886E-05,3.585573E-05,2.538198E-05,1.287748E-04,1.463028E-04,0.000000E+00,2.156836E-03

Time,COOLSYS1_SUPPLY:BYPASS HEAT EXCHANGER:Design Water Volume Flow Rate [m3/s]
00:10:00,-1.000000E+00
00:20:00,2.218549E-02
00:30:00,2.246991E-02
00:40:00,2.272410E-02
00:50:00,2.295219E-02
01:00:00,2.315755E-02
01:10:00,2.338948E-02
01:20:00,2.360610E-02
01:30:00,2.380854E-02
01:40:00,2.399840E-02
01:50:00,2.417708E-02
02:00:00,2.434505E-02
02:10:00,2.450301E-02
02:20:00,2.465212E-02
02:30:00,2.479320E-02
02:40:00,2.492698E-02
02:50:00,2.505408E-02
03:00:00,2.517580E-02
03:10:00,2.529159E-02
03:20:00,2.540161E-02
03:30:00,2.550618E-02
03:40:00,2.560559E-02
03:50:00,2.570014E-02
04:00:00,2.579007E-02
04:10:00,2.587626E-02
04:20:00,2.595889E-02
04:30:00,2.603827E-02
04:40:00,2.611469E-02
04:50:00,2.618927E-02
05:00:00,2.626571E-02
05:10:00,2.999032E-02
05:20:00,3.130396E-02
05:30:00,3.441391E-02
05:40:00,3.704806E-02
05:50:00,3.963879E-02
06:00:00,4.220840E-02
06:10:00,4.495394E-02
06:20:00,4.847697E-02
06:30:00,5.143945E-02
06:40:00,5.453566E-02
06:50:00,5.762279E-02
07:00:00,6.070125E-02
07:10:00,6.501407E-02
07:20:00,6.841261E-02
07:30:00,7.233145E-02
07:40:00,7.604149E-02
07:50:00,7.966403E-02
08:00:00,8.322204E-02
08:10:00,8.149498E-02
08:20:00,8.242800E-02
08:30:00,8.156597E-02
08:40:00,8.122529E-02
08:50:00,8.100172E-02
09:00:00,8.085200E-02
09:10:00,8.075703E-02
09:20:00,8.070038E-02
09:30:00,8.067289E-02
09:40:00,8.067640E-02
09:50:00,8.069600E-02
10:00:00,8.072360E-02
10:10:00,8.075427E-02
10:20:00,8.078451E-02
10:30:00,8.081003E-02
10:40:00,8.081854E-02
10:50:00,8.081649E-02
11:00:00,8.080586E-02
11:10:00,8.078354E-02
11:20:00,8.075047E-02
11:30:00,8.070852E-02
11:40:00,8.066029E-02
11:50:00,8.060921E-02
12:00:00,8.055900E-02
12:10:00,8.052913E-02
12:20:00,8.052663E-02
12:30:00,8.055482E-02
12:40:00,8.061548E-02
12:50:00,8.070771E-02
13:00:00,8.082943E-02
13:10:00,8.096354E-02
13:20:00,8.110278E-02
13:30:00,8.124235E-02
13:40:00,8.137772E-02
13:50:00,8.150586E-02
14:00:00,8.162348E-02
14:10:00,8.172561E-02
14:20:00,8.180969E-02
14:30:00,8.186222E-02
14:40:00,8.188850E-02
14:50:00,8.188861E-02
15:00:00,8.186166E-02
15:10:00,8.180585E-02
15:20:00,8.172121E-02
15:30:00,8.161872E-02
15:40:00,8.149109E-02
15:50:00,8.133673E-02
16:00:00,8.115843E-02
16:10:00,8.096351E-02
16:20:00,8.075199E-02
16:30:00,8.052338E-02
16:40:00,8.027665E-02
16:50:00,7.998639E-02
17:00:00,7.966239E-02
17:10:00,7.930442E-02
17:20:00,7.891143E-02
17:30:00,7.848284E-02
17:40:00,7.801829E-02
17:50:00,7.754190E-02
18:00:00,7.703987E-02
18:10:00,7.650667E-02
18:20:00,7.594464E-02
18:30:00,7.534317E-02
18:40:00,7.472723E-02
18:50:00,7.411271E-02
19:00:00,7.351365E-02
19:10:00,7.295213E-02
19:20:00,7.243796E-02
19:30:00,7.199075E-02
19:40:00,7.159262E-02
19:50:00,7.123410E-02
20:00:00,7.090665E-02
20:10:00,7.059932E-02
20:20:00,7.030503E-02
20:30:00,7.002031E-02
20:40:00,6.974365E-02
20:50:00,6.947410E-02
21:00:00,6.921106E-02
21:10:00,6.895233E-02
21:20:00,6.869744E-02
21:30:00,6.844601E-02
21:40:00,6.819773E-02
21:50:00,6.795237E-02
22:00:00,6.770971E-02
22:10:00,5.696729E-02
22:20:00,4.725265E-02
22:30:00,3.877631E-02
22:40:00,3.047185E-02
22:50:00,2.239361E-02
23:00:00,1.613116E-02
23:10:00,1.747535E-02
23:20:00,1.921939E-02
23:30:00,1.984387E-02
23:40:00,2.044463E-02
23:50:00,2.104756E-02
24:00:00,2.150431E-02

Time,COOLSYS1_DEMAND:VAV_BOT WITH REHEAT COOLING COIL:Design Water Volume Flow Rate [m3/s],COOLSYS1_DEMAND:VAV_MID WITH REHEAT COOLING COIL:Design Water Volume Flow Rate [m3/s],COOLSYS1_DEMAND:VAV_TOP WITH REHEAT COOLING COIL:Design Water Volume Flow Rate [m3/s],COOLSYS1_DEMAND:CAV_BAS COOLING COIL:Design Water Volume Flow Rate [m3/s]
00:10:00,1.938761E-03,1.748475E-02,1.801323E-03,6.410995E-04
00:20:00,1.955345E-03,1.775921E-02,1.829841E-03,6.410995E-04
00:30:00,1.969392E-03,1.800436E-02,1.855062E-03,6.410995E-04
00:40:00,1.981400E-03,1.822421E-02,1.877393E-03,6.410995E-04
00:50:00,1.991763E-03,1.842214E-02,1.897186E-03,6.410995E-04
01:00:00,2.000789E-03,1.860092E-02,1.914741E-03,6.410995E-04
01:10:00,2.012562E-03,1.880281E-02,1.933016E-03,6.410995E-04
01:20:00,2.023598E-03,1.899169E-02,1.949716E-03,6.410995E-04
01:30:00,2.033985E-03,1.916849E-02,1.964963E-03,6.410995E-04
01:40:00,2.043837E-03,1.933455E-02,1.978916E-03,6.410995E-04
01:50:00,2.053249E-03,1.949101E-02,1.991717E-03,6.410995E-04
02:00:00,2.062253E-03,1.963824E-02,2.003461E-03,6.410995E-04
02:10:00,2.070880E-03,1.977681E-02,2.014224E-03,6.410995E-04
02:20:00,2.079194E-03,1.990771E-02,2.024114E-03,6.410995E-04
02:30:00,2.087239E-03,2.003165E-02,2.033217E-03,6.410995E-04
02:40:00,2.095047E-03,2.014923E-02,2.041610E-03,6.410995E-04
02:50:00,2.102646E-03,2.026098E-02,2.049359E-03,6.410995E-04
03:00:00,2.110102E-03,2.036804E-02,2.056555E-03,6.410995E-04
03:10:00,2.117366E-03,2.046995E-02,2.063169E-03,6.410995E-04
03:20:00,2.124434E-03,2.056684E-02,2.069234E-03,6.410995E-04
03:30:00,2.131314E-03,2.065897E-02,2.074789E-03,6.410995E-04
03:40:00,2.138012E-03,2.074661E-02,2.079869E-03,6.410995E-04
03:50:00,2.144536E-03,2.083000E-02,2.084505E-03,6.410995E-04
04:00:00,2.150889E-03,2.090936E-02,2.088724E-03,6.410995E-04
04:10:00,2.157119E-03,2.098543E-02,2.092609E-03,6.410995E-04
04:20:00,2.163230E-03,2.105838E-02,2.096177E-03,6.410995E-04
04:30:00,2.169232E-03,2.112848E-02,2.099459E-03,6.410995E-04
04:40:00,2.175142E-03,2.119597E-02,2.102485E-03,6.410995E-04
04:50:00,2.181041E-03,2.126178E-02,2.105347E-03,6.410995E-04
05:00:00,2.187250E-03,2.132902E-02,2.108347E-03,6.410995E-04
05:10:00,2.492884E-03,2.444074E-02,2.404684E-03,6.520134E-04
05:20:00,2.598925E-03,2.550797E-02,2.505291E-03,6.917780E-04
05:30:00,2.842342E-03,2.798483E-02,2.739897E-03,8.468360E-04
05:40:00,3.049955E-03,3.008825E-02,2.938527E-03,9.713266E-04
05:50:00,3.255169E-03,3.215528E-02,3.133369E-03,1.094974E-03
06:00:00,3.460047E-03,3.420463E-02,3.326368E-03,1.217354E-03
06:10:00,3.678140E-03,3.637498E-02,3.529466E-03,1.371350E-03
06:20:00,3.957509E-03,3.915602E-02,3.791842E-03,1.571594E-03
06:30:00,4.195726E-03,4.150452E-02,4.014006E-03,1.725195E-03
06:40:00,4.444611E-03,4.395319E-02,4.247008E-03,1.890846E-03
06:50:00,4.693352E-03,4.639432E-02,4.480874E-03,2.054245E-03
07:00:00,4.941713E-03,4.882712E-02,4.715780E-03,2.216636E-03
07:10:00,5.288444E-03,5.223742E-02,5.047052E-03,2.441157E-03
07:20:00,5.564174E-03,5.491588E-02,5.311199E-03,2.621357E-03
07:30:00,5.879516E-03,5.800388E-02,5.616503E-03,2.831556E-03
07:40:00,6.178927E-03,6.092297E-02,5.907926E-03,3.031670E-03
07:50:00,6.471960E-03,6.376949E-02,6.194449E-03,3.228135E-03
08:00:00,6.760571E-03,6.656190E-02,6.477725E-03,3.421845E-03
08:10:00,6.634960E-03,6.515046E-02,6.359288E-03,3.350266E-03
08:20:00,6.716790E-03,6.585965E-02,6.444305E-03,3.407255E-03
08:30:00,6.661717E-03,6.514734E-02,6.395501E-03,3.361410E-03
08:40:00,6.647158E-03,6.485016E-02,6.387829E-03,3.340136E-03
08:50:00,6.641276E-03,6.464790E-02,6.390845E-03,3.321700E-03
09:00:00,6.640238E-03,6.450612E-02,6.401149E-03,3.304490E-03
09:10:00,6.642469E-03,6.440920E-02,6.417135E-03,3.288221E-03
09:20:00,6.646695E-03,6.434363E-02,6.437348E-03,3.272711E-03
09:30:00,6.652131E-03,6.430202E-02,6.460907E-03,3.257830E-03
09:40:00,6.659064E-03,6.428604E-02,6.487810E-03,3.243483E-03
09:50:00,6.666328E-03,6.428344E-02,6.516632E-03,3.229596E-03
10:00:00,6.673374E-03,6.428742E-02,6.546689E-03,3.216112E-03
10:10:00,6.679811E-03,6.429413E-02,6.577351E-03,3.202985E-03
10:20:00,6.685419E-03,6.430069E-02,6.608228E-03,3.190178E-03
10:30:00,6.690006E-03,6.430350E-02,6.638865E-03,3.177659E-03
10:40:00,6.692586E-03,6.429241E-02,6.668141E-03,3.165405E-03
10:50:00,6.693787E-03,6.427278E-02,6.696527E-03,3.153392E-03
11:00:00,6.693807E-03,6.424646E-02,6.723983E-03,3.141604E-03
11:10:00,6.692533E-03,6.421080E-02,6.750177E-03,3.130027E-03
11:20:00,6.690085E-03,6.416668E-02,6.775048E-03,3.118647E-03
11:30:00,6.686651E-03,6.411575E-02,6.798663E-03,3.107456E-03
11:40:00,6.682500E-03,6.406018E-02,6.821165E-03,3.096445E-03
11:50:00,6.677936E-03,6.400292E-02,6.842751E-03,3.085607E-03
12:00:00,6.673303E-03,6.394713E-02,6.863627E-03,3.074937E-03
12:10:00,6.670312E-03,6.390904E-02,6.885338E-03,3.064431E-03
12:20:00,6.669570E-03,6.389454E-02,6.908430E-03,3.054085E-03
12:30:00,6.671374E-03,6.390645E-02,6.933107E-03,3.043897E-03
12:40:00,6.675876E-03,6.394627E-02,6.959469E-03,3.033865E-03
12:50:00,6.683013E-03,6.401329E-02,6.987420E-03,3.023989E-03
13:00:00,6.692590E-03,6.410581E-02,7.016768E-03,3.014266E-03
13:10:00,6.703119E-03,6.420961E-02,7.046118E-03,3.004696E-03
13:20:00,6.713972E-03,6.431870E-02,7.074828E-03,2.995277E-03
13:30:00,6.724735E-03,6.442911E-02,7.102498E-03,2.986007E-03
13:40:00,6.735023E-03,6.453707E-02,7.128749E-03,2.976880E-03
13:50:00,6.744591E-03,6.464006E-02,7.153313E-03,2.967894E-03
14:00:00,6.753168E-03,6.473539E-02,7.175882E-03,2.959046E-03
14:10:00,6.760357E-03,6.481889E-02,7.196031E-03,2.950332E-03
14:20:00,6.765969E-03,6.488842E-02,7.213558E-03,2.941746E-03
14:30:00,6.768866E-03,6.493271E-02,7.227346E-03,2.933293E-03
14:40:00,6.769505E-03,6.495627E-02,7.237765E-03,2.924960E-03
14:50:00,6.767946E-03,6.495913E-02,7.244784E-03,2.916746E-03
15:00:00,6.764163E-03,6.494053E-02,7.248316E-03,2.908649E-03
15:10:00,6.758059E-03,6.489895E-02,7.248167E-03,2.900667E-03
15:20:00,6.749638E-03,6.483446E-02,7.244315E-03,2.892796E-03
15:30:00,6.739890E-03,6.475623E-02,7.237572E-03,2.885026E-03
15:40:00,6.728249E-03,6.465814E-02,7.227341E-03,2.877364E-03
15:50:00,6.714581E-03,6.453887E-02,7.213475E-03,2.869808E-03
16:00:00,6.699166E-03,6.440073E-02,7.196181E-03,2.862352E-03
16:10:00,6.682609E-03,6.424986E-02,7.176054E-03,2.854994E-03
16:20:00,6.664953E-03,6.408621E-02,7.153089E-03,2.847732E-03
16:30:00,6.646175E-03,6.390939E-02,7.127245E-03,2.840567E-03
16:40:00,6.626181E-03,6.371852E-02,7.098457E-03,2.833496E-03
16:50:00,6.602773E-03,6.349241E-02,7.064689E-03,2.826516E-03
17:00:00,6.576811E-03,6.323920E-02,7.026744E-03,2.819628E-03
17:10:00,6.548268E-03,6.295872E-02,6.984601E-03,2.812830E-03
17:20:00,6.517059E-03,6.265003E-02,6.938223E-03,2.806119E-03
17:30:00,6.483132E-03,6.231253E-02,6.887683E-03,2.799493E-03
17:40:00,6.446478E-03,6.194585E-02,6.833012E-03,2.792951E-03
17:50:00,6.409189E-03,6.157002E-02,6.776198E-03,2.786490E-03
18:00:00,6.370071E-03,6.117351E-02,6.716180E-03,2.780106E-03
18:10:00,6.328692E-03,6.075162E-02,6.652565E-03,2.773797E-03
18:20:00,6.285216E-03,6.030628E-02,6.585576E-03,2.767560E-03
18:30:00,6.238783E-03,5.982866E-02,6.514326E-03,2.761392E-03
18:40:00,6.191507E-03,5.933960E-02,6.440834E-03,2.755288E-03
18:50:00,6.144770E-03,5.885226E-02,6.366432E-03,2.749247E-03
19:00:00,6.099745E-03,5.837829E-02,6.292355E-03,2.743264E-03
19:10:00,6.058172E-03,5.793605E-02,6.220570E-03,2.737339E-03
19:20:00,6.020872E-03,5.753356E-02,6.152063E-03,2.731470E-03
19:30:00,5.989402E-03,5.718700E-02,6.088695E-03,2.725658E-03
19:40:00,5.962168E-03,5.688122E-02,6.029328E-03,2.719903E-03
19:50:00,5.938247E-03,5.660811E-02,5.973542E-03,2.714209E-03
20:00:00,5.916828E-03,5.636034E-02,5.920906E-03,2.708578E-03
20:10:00,5.896939E-03,5.612863E-02,5.870735E-03,2.703010E-03
20:20:00,5.877934E-03,5.590698E-02,5.822613E-03,2.697509E-03
20:30:00,5.859496E-03,5.569239E-02,5.776349E-03,2.692073E-03
20:40:00,5.841491E-03,5.548360E-02,5.731855E-03,2.686705E-03
20:50:00,5.823845E-03,5.527985E-02,5.689000E-03,2.681402E-03
21:00:00,5.806517E-03,5.508067E-02,5.647715E-03,2.676165E-03
21:10:00,5.789345E-03,5.488417E-02,5.607820E-03,2.670994E-03
21:20:00,5.772306E-03,5.469004E-02,5.569201E-03,2.665889E-03
21:30:00,5.755382E-03,5.449804E-02,5.531740E-03,2.660847E-03
21:40:00,5.738563E-03,5.430796E-02,5.495335E-03,2.655869E-03
21:50:00,5.721841E-03,5.411968E-02,5.459893E-03,2.650952E-03
22:00:00,5.705212E-03,5.393307E-02,5.425326E-03,2.646097E-03
22:10:00,4.810435E-03,4.539116E-02,4.562649E-03,2.203054E-03
22:20:00,4.028520E-03,3.767102E-02,3.792282E-03,1.760834E-03
22:30:00,3.355317E-03,3.097487E-02,3.126694E-03,1.319430E-03
22:40:00,2.677272E-03,2.440763E-02,2.470002E-03,9.169517E-04
22:50:00,2.019706E-03,1.790481E-02,1.827993E-03,6.410995E-04
23:00:00,1.377241E-03,1.284824E-02,1.264578E-03,6.410995E-04
23:10:00,1.622550E-03,1.378200E-02,1.429700E-03,6.410995E-04
23:20:00,1.763374E-03,1.524159E-02,1.573320E-03,6.410995E-04
23:30:00,1.802982E-03,1.577503E-02,1.624755E-03,6.410995E-04
23:40:00,1.854233E-03,1.627028E-02,1.679018E-03,6.410995E-04
23:50:00,1.891243E-03,1.678567E-02,1.729544E-03,6.410995E-04
24:00:00,1.918938E-03,1.717531E-02,1.768962E-03,6.410995E-04

Time
00:10:00
00:20:00
00:30:00
00:40:00
00:50:00
01:00:00
01:10:00
01:20:00
01:30:00
01:40:00
01:50:00
02:00:00
02:10:00
02:20:00
02:30:00
02:40:00
02:50:00
03:00:00
03:10:00
03:20:00
03:30:00
03:40:00
03:50:00
04:00:00
04:10:00
04:20:00
04:30:00
04:40:00
04:50:00
05:00:00
05:10:00
05:20:00
05:30:00
05:40:00
05:50:00
06:00:00
06:10:00
06:20:00
06:30:00
06:40:00
06:50:00
07:00:00
07:10:00
07:20:00
07:30:00
07:40:00
07:50:00
08:00:00
08:10:00
08:20:00
08:30:00
08:40:00
08:50:00
09:00:00
09:10:00
09:20:00
09:30:00
09:40:00
09:50:00
10:00:00
10:10:00
10:20:00
10:30:00
10:40:00
10:50:00
11:00:00
11:10:00
11:20:00
11:30:00
11:40:00
11:50:00
12:00:00
12:10:00
12:20:00
12:30:00
12:40:00
12:50:00
13:00:00
13:10:00
13:20:00
13:30:00
13:40:00
13:50:00
14:00:00
14:10:00
14:20:00
14:30:00
14:40:00
14:50:00
15:00:00
15:10:00
15:20:00
15:30:00
15:40:00
15:50:00
16:00:00
16:10:00
16:20:00
16:30:00
16:40:00
16:50:00
17:00:00
17:10:00
17:20:00
17:30:00
17:40:00
17:50:00
18:00:00
18:10:00
18:20:00
18:30:00
18:40:00
18:50:00
19:00:00
19:10:00
19:20:00
19:30:00
19:40:00
19:50:00
20:00:00
20:10:00
20:20:00
20:30:00
20:40:00
20:50:00
21:00:00
21:10:00
21:20:00
21:30:00
21:40:00
21:50:00
22:00:00
22:10:00
22:20:00
22:30:00
22:40:00
22:50:00
23:00:00
23:10:00
23:20:00
23:30:00
23:40:00
23:50:00
24:00:00

Time
00:10:00
00:20:00
00:30:00
00:40:00
00:50:00
01:00:00
01:10:00
01:20:00
01:30:00
01:40:00
01:50:00
02:00:00
02:10:00
02:20:00
02:30:00
02:40:00
02:50:00
03:00:00
03:10:00
03:20:00
03:30:00
03:40:00
03:50:00
04:00:00
04:10:00
04:20:00
04:30:00
04:40:00
04:50:00
05:00:00
05:10:00
05:20:00
05:30:00
05:40:00
05:50:00
06:00:00
06:10:00
06:20:00
06:30:00
06:40:00
06:50:00
07:00:00
07:10:00
07:20:00
07:30:00
07:40:00
07:50:00
08:00:00
08:10:00
08:20:00
08:30:00
08:40:00
08:50:00
09:00:00
09:10:00
09:20:00
09:30:00
09:40:00
09:50:00
10:00:00
10:10:00
10:20:00
10:30:00
10:40:00
10:50:00
11:00:00
11:10:00
11:20:00
11:30:00
11:40:00
11:50:00
12:00:00
12:10:00
12:20:00
12:30:00
12:40:00
12:50:00
13:00:00
13:10:00
13:20:00
13:30:00
13:40:00
13:50:00
14:00:00
14:10:00
14:20:00
14:30:00
14:40:00
14:50:00
15:00:00
15:10:00
15:20:00
15:30:00
15:40:00
15:50:00
16:00:00
16:10:00
16:20:00
16:30:00
16:40:00
16:50:00
17:00:00
17:10:00
17:20:00
17:30:00
17:40:00
17:50:00
18:00:00
18:10:00
18:20:00
18:30:00
18:40:00
18:50:00
19:00:00
19:10:00
19:20:00
19:30:00
19:40:00
19:50:00
20:00:00
20:10:00
20:20:00
20:30:00
20:40:00
20:50:00
21:00:00
21:10:00
21:20:00
21:30:00
21:40:00
21:50:00
22:00:00
22:10:00
22:20:00
22:30:00
22:40:00
22:50:00
23:00:00
23:10:00
23:20:00
23:30:00
23:40:00
23:50:00
24:00:00

